sample_id,target_delay_s,cur_dev_s,prediction_delay_s,fold
135081_1767698400,135.0,277.0,198.18622859884675,0
129964_1767698400,14.0,12.0,16.762788887201744,0
132430_1767698400,49.0,96.0,51.306808343219046,0
131672_1767698400,60.0,-92.0,15.642254362345739,0
133957_1767698400,-69.0,36.0,33.19124072162261,0
133300_1767698400,225.0,60.0,60.093042588348986,0
131672_1767698700,82.0,-92.0,30.630851727404064,0
129964_1767698700,0.0,-27.0,-10.587877508136412,0
135081_1767698700,126.0,77.0,78.66728693168616,0
133957_1767698700,-145.0,-27.0,-2.2954049972505572,0
133957_1767699000,-96.0,-78.0,-46.968516709398116,0
129964_1767699000,80.0,19.0,11.689097662378956,0
132430_1767699000,14.0,49.0,42.605560496474105,0
135081_1767699000,28.0,242.0,171.98789017420523,0
122613_1767699000,0.0,0.0,38.260813766312566,0
131672_1767699000,4.0,59.0,43.50462934052777,0
132430_1767699300,14.0,49.0,55.052251829212175,0
122613_1767699300,0.0,0.0,8.247423429415274,0
129964_1767699300,49.0,-49.0,-15.562027918549731,0
133957_1767699300,-249.0,-169.0,-68.15407108725219,0
131672_1767699300,40.0,30.0,5.8473186768646634,0
135081_1767699300,45.0,132.0,115.24914560385314,0
131672_1767699600,-28.0,114.0,51.946818484986665,0
133957_1767699600,-254.0,-150.0,-84.71867866534078,0
135081_1767699600,55.0,50.0,51.27495271362973,0
132430_1767699600,-87.0,49.0,59.28533308148091,0
122613_1767699600,-145.0,0.0,16.79232885072298,0
135081_1767699900,36.0,54.0,27.17765135713085,0
129964_1767699900,-53.0,53.0,20.47322500043026,0
132430_1767699900,-110.0,14.0,14.197195790372461,0
131672_1767699900,-29.0,14.0,-27.539358422119186,0
133957_1767699900,-158.0,-181.0,-71.14408048993286,0
122613_1767699900,-230.0,0.0,30.41736093985752,0
131672_1767700200,-23.0,53.0,15.06830215355022,0
129964_1767700200,-73.0,49.0,25.62142030941758,0
133957_1767700200,80.0,-288.0,-197.9404038851343,0
135081_1767700200,-24.0,36.0,7.894921409914115,0
132430_1767700200,-136.0,14.0,-8.876721396708032,0
122613_1767700200,-116.0,-25.0,31.457527859760198,0
129964_1767700500,90.0,49.0,57.488164195512624,0
132430_1767700500,-6.0,-115.0,-93.32074292611017,0
133957_1767700500,42.0,-158.0,-53.34469506099589,0
131672_1767700500,-47.0,-13.0,-1.2810061343845618,0
122613_1767700500,-79.0,-265.0,-125.13582871724171,0
135081_1767700500,-98.0,-18.0,-14.573105506148202,0
122048_1767700800,374.0,-314.0,-204.59038077069778,0
131672_1767700800,-105.0,-70.0,-40.27879305343464,0
133300_1767700800,260.0,16.0,40.568371289680464,0
122613_1767700800,-50.0,-114.0,-18.406671819224755,0
122658_1767700800,143.0,50.0,13.598626911502237,0
122048_1767701100,312.0,294.0,231.13348249195926,0
122658_1767701100,121.0,216.0,147.2285174417815,0
122613_1767701100,-155.0,-156.0,-61.9177097173141,0
131672_1767701100,-83.0,-83.0,-56.8840810551818,0
122613_1767701400,-175.0,-83.0,3.8099499582346965,0
122048_1767701400,354.0,432.0,349.2928809477468,0
133300_1767701400,-7.0,140.0,50.253661106367844,0
131672_1767701400,-207.0,-31.0,-48.668646253750445,0
133300_1767701700,-7.0,295.0,179.3824650798374,0
122658_1767701700,0.0,121.0,37.040978298974736,0
122048_1767701700,273.0,427.0,325.9713688189658,0
122613_1767701700,-47.0,-71.0,-45.60881729568153,0
122658_1767702000,0.0,121.0,20.524280864950853,0
133300_1767702000,132.0,295.0,206.4350237610468,0
122613_1767702000,-61.0,-155.0,-91.40079462964329,0
122048_1767702000,252.0,345.0,245.0058825168221,0
122658_1767702300,0.0,121.0,56.62186784189022,0
122048_1767702300,158.0,320.0,200.48226785187745,0
122613_1767702300,66.0,-90.0,-19.279656901554034,0
133300_1767702300,114.0,-7.0,19.022447522075794,0
133957_1767702600,172.0,65.0,39.23828651201944,0
133300_1767702600,47.0,60.0,46.744194302764,0
132430_1767702600,-64.0,101.0,93.95830269484554,0
122658_1767702600,0.0,0.0,-0.5214031827872367,0
122048_1767702600,144.0,228.0,121.38079846901461,0
135081_1767702600,-131.0,-51.0,-30.95949591562904,0
135081_1767702900,-144.0,-36.0,-18.70672383566093,0
133300_1767702900,95.0,51.0,43.35860372793496,0
122658_1767702900,0.0,0.0,-4.143209444323743,0
122048_1767702900,138.0,207.0,126.59002981512785,0
133957_1767702900,97.0,143.0,71.6182825821096,0
132430_1767702900,-181.0,104.0,43.65544751971715,0
134040_1767703200,-35.0,-28.0,-14.303850011612145,0
122658_1767703200,0.0,0.0,-2.106150532225084,0
131672_1767703200,17.0,-207.0,-74.26857628949881,0
132430_1767703200,-100.0,0.0,12.772056143698027,0
122048_1767703200,87.0,175.0,60.55932259863316,0
133957_1767703200,101.0,157.0,100.21571610699675,0
133300_1767703200,322.0,59.0,67.93298681368557,0
135081_1767703200,-171.0,-60.0,-13.647883316954996,0
133957_1767703500,161.0,164.0,81.13197709641697,0
132430_1767703500,-75.0,-120.0,-88.8965079689719,0
134040_1767703500,-35.0,-28.0,24.192153295325944,0
122658_1767703500,0.0,0.0,-3.4747473952419825,0
131672_1767703500,76.0,-207.0,-89.82629112199936,0
122048_1767703500,84.0,197.0,30.2476347998917,0
135081_1767703500,-72.0,-131.0,-54.7546252577673,0
132430_1767703800,-58.0,-140.0,-72.62020057875654,0
122658_1767703800,103.0,0.0,0.5348763243698818,0
135081_1767703800,-16.0,-171.0,-80.63148386745584,0
131672_1767703800,53.0,-207.0,-84.5695039272118,0
134040_1767703800,52.0,-28.0,32.232671401507716,0
133957_1767703800,40.0,77.0,35.54875179462766,0
133300_1767703800,-25.0,158.0,60.55355952023416,0
122048_1767703800,84.0,98.0,25.066028316808627,0
131672_1767704100,192.0,53.0,35.58074128306218,0
132430_1767704100,-74.0,-120.0,-26.565257147673123,0
133957_1767704100,139.0,170.0,92.03867885614149,0
135081_1767704100,-27.0,-93.0,-5.066886863784717,0
122658_1767704100,252.0,0.0,6.862469404516249,0
134040_1767704100,87.0,-35.0,34.72574430276126,0
122048_1767704100,0.0,84.0,31.12748572390084,0
122048_1767704400,0.0,84.0,48.633279184793835,0
134040_1767704400,91.0,78.0,39.76880668249633,0
135081_1767704400,11.0,6.0,24.4416193016644,0
122658_1767704400,289.0,0.0,33.059634508591095,0
129964_1767704400,-106.0,-57.0,-3.321343323917752,0
122048_1767704700,0.0,84.0,30.9427152759122,0
132430_1767704700,16.0,-74.0,-27.9431906226244,0
134040_1767704700,-7.0,76.0,38.908976255710435,0
122658_1767704700,321.0,148.0,60.24253500353659,0
129964_1767704700,-150.0,-57.0,12.043080345209404,0
134040_1767705000,47.0,83.0,43.43718164380602,0
122658_1767705000,406.0,319.0,214.91178798573685,0
122048_1767705000,0.0,0.0,4.639537658493498,0
129964_1767705000,-165.0,-106.0,-19.302437342861765,0
132430_1767705000,16.0,-74.0,37.62542674994643,0
132430_1767705300,17.0,-74.0,28.38290604626232,0
122048_1767705300,0.0,0.0,-1.262174747913851,0
129964_1767705300,-95.0,-157.0,-97.33611530485807,0
134040_1767705300,84.0,-16.0,10.077762033073995,0
132430_1767705600,77.0,16.0,2.7012976995335123,0
133957_1767705600,113.0,139.0,76.18745167634927,0
129964_1767705600,11.0,-129.0,-46.65462613987344,0
122658_1767705600,0.0,413.0,290.60088487610165,0
122048_1767705600,0.0,0.0,-2.902518754015187,0
134040_1767705600,113.0,27.0,-9.046510051159053,0
122613_1767705900,0.0,64.0,45.95995469978955,0
133957_1767705900,123.0,139.0,80.48524169568174,0
132430_1767705900,57.0,16.0,18.506015335986625,0
129964_1767705900,-32.0,-135.0,-83.90128820500124,0
122658_1767705900,0.0,406.0,277.0174954785257,0
134040_1767705900,37.0,62.0,13.826560525257818,0
122048_1767705900,0.0,0.0,5.405323849365334,0
135081_1767705900,79.0,9.0,35.16040750809817,0
122048_1767706200,0.0,0.0,6.377731753004277,0
131672_1767706200,37.0,11.0,-2.1658939338557026,0
129964_1767706200,-50.0,-20.0,-10.476705513900852,0
132430_1767706200,196.0,31.0,12.997883294599873,0
134040_1767706200,123.0,112.0,54.95338134873067,0
134040_1767706500,172.0,75.0,69.02198231299417,0
132430_1767706500,103.0,83.0,51.12999296479555,0
131672_1767706500,131.0,82.0,31.211172285974676,0
122048_1767706500,0.0,0.0,8.908712555825458,0
129964_1767706500,-51.0,26.0,5.45297774773924,0
129964_1767706800,-34.0,-73.0,-11.654899783606716,0
134040_1767706800,317.0,123.0,99.62028392450836,0
122048_1767706800,0.0,0.0,-13.242270273638804,0
132430_1767706800,53.0,125.0,70.43613972338231,0
134040_1767707100,231.0,109.0,57.54663855925465,0
129964_1767707100,25.0,-133.0,-50.75556831733073,0
122048_1767707100,0.0,0.0,-18.986352591753537,0
132430_1767707100,78.0,165.0,85.98503335558524,0
122048_1767707400,0.0,0.0,5.014713555744466,0
134040_1767707400,234.0,231.0,141.68346307027528,0
129964_1767707400,-62.0,-88.0,-44.26103465668135,0
132430_1767707400,39.0,32.0,19.02127605327114,0
122048_1767707700,0.0,0.0,3.335283760451892,0
134040_1767707700,200.0,290.0,190.4926082919606,0
132430_1767707700,58.0,74.0,68.028545850888,0
129964_1767707700,5.0,13.0,12.38133104442617,0
133957_1767708000,253.0,251.0,182.66197637462597,0
132430_1767708000,192.0,119.0,103.95557144645942,0
129964_1767708000,-6.0,-29.0,-17.641583910563618,0
122613_1767708000,0.0,0.0,38.73473430109327,0
135081_1767708000,19.0,285.0,186.91904699456705,0
133957_1767708300,180.0,262.0,152.24301139789821,0
122613_1767708300,0.0,0.0,9.492700595868179,0
132430_1767708300,68.0,44.0,46.71826448481952,0
135081_1767708300,-36.0,174.0,76.85111211157313,0
129964_1767708600,-114.0,-29.0,-19.873250789846793,0
122613_1767708600,-77.0,0.0,14.907661471113085,0
135081_1767708600,-19.0,39.0,8.392112488389408,0
131672_1767708600,60.0,51.0,40.897046859779635,0
132430_1767708600,-7.0,146.0,46.58764112081539,0
133957_1767708600,238.0,222.0,147.7841169651836,0
131672_1767708900,90.0,51.0,39.7525946159302,0
132430_1767708900,115.0,98.0,55.379869808352844,0
122613_1767708900,0.0,0.0,24.080452395137634,0
135081_1767708900,-17.0,-1.0,-4.588304462978146,0
129964_1767708900,-106.0,-6.0,25.600667642502472,0
133957_1767708900,170.0,225.0,141.1253969013611,0
132430_1767709200,98.0,31.0,37.83534175215797,0
122613_1767709200,0.0,0.0,38.96340835654793,0
135081_1767709200,-17.0,-85.0,-39.626905987078274,0
133957_1767709200,81.0,219.0,136.40136883886944,0
131672_1767709200,91.0,51.0,43.76635927385661,0
129964_1767709200,-77.0,-6.0,31.09333349509884,0
131672_1767709500,115.0,81.0,50.42330492578355,0
132430_1767709500,158.0,93.0,69.47454747203109,0
122613_1767709500,0.0,0.0,34.717701071545186,0
135081_1767709500,-102.0,-82.0,-33.73366309674056,0
129964_1767709500,-93.0,-188.0,-106.01464372611754,0
122613_1767709800,0.0,0.0,2.56016702465881,1
135081_1767709800,-84.0,-13.0,10.435426857742996,1
134040_1767709800,79.0,63.0,38.296704067027946,1
132430_1767709800,137.0,119.0,80.66732468348286,1
129964_1767709800,-69.0,-75.0,-26.495014984444495,1
122613_1767710100,0.0,0.0,10.767841497702952,1
129964_1767710100,-42.0,-84.0,-21.755835217941396,1
135081_1767710100,-126.0,-35.0,-7.160449972417247,1
134040_1767710100,4.0,31.0,17.657775549526697,1
122613_1767710400,0.0,0.0,0.6756876721520888,1
132430_1767710400,23.0,137.0,25.80615201294745,1
134040_1767710400,68.0,69.0,70.03883851118015,1
129964_1767710400,-145.0,-85.0,-54.503983886457476,1
135081_1767710400,-128.0,-50.0,-32.38873930521491,1
135081_1767710700,-145.0,-80.0,-63.06901555001903,1
122613_1767710700,0.0,0.0,-3.3798843277700823,1
134040_1767710700,87.0,68.0,66.81175944540298,1
132430_1767710700,23.0,137.0,87.22373662371143,1
129964_1767710700,-127.0,-53.0,-24.153352793279517,1
134040_1767711000,187.0,76.0,67.9291290195022,1
129964_1767711000,-207.0,-116.0,-9.086729885600846,1
132430_1767711000,47.0,137.0,82.97260531431604,1
122613_1767711000,0.0,0.0,7.716387175188355,1
135081_1767711000,-175.0,-59.0,-65.7992219338603,1
134040_1767711300,267.0,78.0,62.1358019369572,1
129964_1767711300,-66.0,-142.0,-52.62393612020696,1
122613_1767711300,0.0,0.0,28.80525998240277,1
132430_1767711300,33.0,23.0,65.83771641440835,1
135081_1767711300,-168.0,-197.0,-42.37861989881495,1
135081_1767711600,11.0,-140.0,-58.035535944123524,1
131672_1767711600,-47.0,-71.0,-32.42018772430435,1
133957_1767711600,26.0,187.0,124.65488280639231,1
132430_1767711600,171.0,23.0,77.96992636956213,1
134040_1767711600,199.0,174.0,103.97019692154794,1
133957_1767711900,17.0,149.0,61.10239754718776,1
134040_1767711900,181.0,241.0,157.93825582642805,1
131672_1767711900,-52.0,-35.0,-53.115592764986836,1
132430_1767711900,384.0,56.0,62.52095543925023,1
135081_1767711900,-12.0,-156.0,-57.692443967795015,1
132430_1767712200,291.0,132.0,106.12236466700143,1
135081_1767712200,-28.0,22.0,27.501867821203387,1
133300_1767712200,-35.0,-25.0,29.41073757551419,1
134040_1767712200,202.0,230.0,212.34611373482707,1
133957_1767712200,28.0,47.0,29.066993899772623,1
133957_1767712500,-36.0,61.0,47.06632459164259,1
135081_1767712500,59.0,-40.0,-0.5224776961439375,1
133300_1767712500,-35.0,-25.0,33.8887758048521,1
132430_1767712500,226.0,277.0,178.47205290205756,1
134040_1767712500,199.0,194.0,140.2531384316815,1
130238_1767712500,10.0,-28.0,32.46516228045363,1
134040_1767712800,183.0,175.0,74.84781709627218,1
130238_1767712800,-40.0,-28.0,29.091945803901076,1
132430_1767712800,258.0,377.0,221.37548334031996,1
133300_1767712800,36.0,-25.0,30.475388287249892,1
133957_1767712800,-93.0,23.0,20.334356706392608,1
134040_1767713100,91.0,250.0,107.65399462455753,1
130238_1767713100,-124.0,-28.0,47.43550807820864,1
132430_1767713100,199.0,237.0,186.2105110791257,1
133300_1767713100,-9.0,-35.0,31.867730352747444,1
133957_1767713100,74.0,-16.0,-9.658244313980397,1
122658_1767713100,27.0,0.0,24.40203366567876,1
122613_1767713400,0.0,0.0,11.998466791509015,1
122658_1767713400,86.0,0.0,37.74551128481429,1
131672_1767713400,12.0,-93.0,44.38736990994289,1
130238_1767713400,-99.0,10.0,22.264385971649595,1
133957_1767713400,75.0,-71.0,-32.668899040066336,1
122048_1767713400,0.0,36.0,-0.44683755419769255,1
129964_1767713400,-129.0,290.0,183.8414296053927,1
122613_1767713700,0.0,0.0,27.720336124738417,1
131672_1767713700,86.0,-93.0,18.67478266286804,1
129964_1767713700,-33.0,-108.0,-4.695961852245688,1
133957_1767713700,-11.0,5.0,19.98377809291283,1
122658_1767713700,159.0,0.0,30.195071171115053,1
122048_1767713700,0.0,45.0,-12.08786983001503,1
130238_1767713700,-47.0,-119.0,-77.57829723531775,1
122613_1767714000,0.0,0.0,30.310767981979712,1
131672_1767714000,67.0,-93.0,7.270083912248396,1
122048_1767714000,0.0,37.0,-11.398123637745542,1
130238_1767714000,-41.0,-98.0,-60.63665394935449,1
122658_1767714000,225.0,83.0,74.39981944569566,1
129964_1767714000,25.0,-124.0,-10.290151652660313,1
122613_1767714300,0.0,0.0,22.80096461882923,1
130238_1767714300,-45.0,-130.0,-90.2177091659174,1
129964_1767714300,8.0,9.0,61.630184728647166,1
122048_1767714300,0.0,0.0,43.71904119507106,1
131672_1767714300,70.0,59.0,18.563724750156183,1
122658_1767714300,348.0,82.0,42.354143898081965,1
122048_1767714600,0.0,0.0,18.2605299574194,1
129964_1767714600,-49.0,26.0,8.594763487067652,1
122613_1767714600,0.0,0.0,25.035746922453225,1
130238_1767714600,-30.0,-37.0,-36.73180230179292,1
122658_1767714600,362.0,150.0,88.8328262487257,1
131672_1767714600,13.0,40.0,14.6624567931431,1
122613_1767714900,0.0,0.0,16.15348939025561,1
130238_1767714900,-78.0,-6.0,-3.503953378754726,1
122658_1767714900,2.0,154.0,28.671814958471273,1
129964_1767714900,-82.0,70.0,13.924795109195976,1
122048_1767714900,0.0,0.0,12.937229713551746,1
131672_1767714900,-150.0,59.0,22.206769539425657,1
122048_1767715200,0.0,0.0,15.006409509275246,1
122658_1767715200,0.0,362.0,151.29806049183875,1
132430_1767715200,485.0,301.0,223.32542220673008,1
122613_1767715200,0.0,0.0,17.519459787627817,1
133300_1767715200,22.0,66.0,67.13793249404073,1
129964_1767715200,-134.0,15.0,-4.807987207200025,1
130238_1767715200,-97.0,-66.0,-46.223607479365725,1
122658_1767715500,0.0,362.0,149.55497989100957,1
132430_1767715500,483.0,356.0,262.24031588779064,1
122048_1767715500,0.0,0.0,-2.3120450866559197,1
129964_1767715500,-115.0,-86.0,-30.706770190403553,1
122613_1767715500,0.0,0.0,-17.455563204430444,1
133300_1767715500,-24.0,-7.0,71.28664197651209,1
122613_1767715800,-18.0,0.0,6.212410896829355,1
133300_1767715800,-87.0,-14.0,19.36395764516118,1
122048_1767715800,0.0,0.0,-2.3120450866559197,1
122658_1767715800,0.0,2.0,13.119392454926674,1
129964_1767715800,-2.0,-148.0,-63.28347422557529,1
133300_1767716100,-38.0,-61.0,23.249938592063998,1
122613_1767716100,11.0,0.0,41.55361835770082,1
129964_1767716100,-46.0,-162.0,-49.47303319256075,1
122048_1767716100,0.0,0.0,6.012890346367551,1
122658_1767716100,0.0,0.0,-2.7656618611687227,1
133300_1767716400,207.0,-79.0,0.3633224210394843,1
122048_1767716400,0.0,0.0,2.6772551495473027,1
129964_1767716400,-13.0,-23.0,4.39851674898857,1
133957_1767716400,115.0,66.0,34.8593691587178,1
122613_1767716400,-88.0,-35.0,-32.19098469981977,1
130238_1767716400,98.0,-97.0,39.93632897913264,1
122658_1767716400,0.0,0.0,-29.911749009043024,1
122613_1767716700,-27.0,70.0,35.945011354906704,1
133957_1767716700,104.0,66.0,39.56596621415751,1
130238_1767716700,9.0,-97.0,9.95056443295914,1
122048_1767716700,0.0,0.0,-14.813712357003617,1
129964_1767716700,303.0,-44.0,3.054384560011279,1
122658_1767716700,0.0,0.0,-9.462135919389418,1
122658_1767717000,0.0,0.0,-24.92814880198486,1
130238_1767717000,-55.0,-97.0,29.600354002549054,1
135081_1767717000,92.0,114.0,97.74522886709372,1
122613_1767717000,-62.0,-48.0,-39.23099983987967,1
129964_1767717300,-111.0,-26.0,-58.01043224254178,1
135081_1767717300,-22.0,150.0,65.00636527546297,1
130238_1767717300,-41.0,67.0,40.954145400567356,1
122613_1767717300,-54.0,-15.0,8.344256722945627,1
122613_1767717600,-11.0,-33.0,-19.284513122996874,1
130238_1767717600,-57.0,-45.0,-12.941351580048703,1
135081_1767717600,-133.0,153.0,78.06696881724264,1
129964_1767717600,-126.0,-19.0,-26.957684380649408,1
122658_1767717600,-46.0,0.0,-11.615418703733823,1
135081_1767717900,-127.0,24.0,28.951683869413756,1
122613_1767717900,55.0,-90.0,-15.137148312654162,1
122658_1767717900,38.0,0.0,29.97515099867473,1
129964_1767717900,38.0,-19.0,29.775351415836433,1
130238_1767717900,-92.0,-76.0,-10.548143296793128,1
129964_1767718200,57.0,-175.0,-44.23812106128153,1
130238_1767718200,-38.0,-43.0,-31.69979503196081,1
122613_1767718200,72.0,31.0,33.704784024043846,1
122658_1767718200,39.0,0.0,37.659207908362866,1
135081_1767718200,-51.0,-121.0,-74.33508771582994,1
122658_1767718500,63.0,23.0,42.28323963481131,1
122613_1767718500,72.0,-11.0,46.87680002230946,1
129964_1767718500,71.0,22.0,48.15912996182476,1
135081_1767718500,-77.0,-93.0,-32.86469609947648,1
130238_1767718500,-3.0,-74.0,-14.610128466221774,1
130238_1767718800,-85.0,-49.0,-35.86341285820584,1
133957_1767718800,-35.0,13.0,42.273321439647425,1
122658_1767718800,107.0,-28.0,-27.59846394587306,1
129964_1767718800,39.0,80.0,91.30738329321991,1
135081_1767718800,-153.0,-73.0,-34.871077374981915,1
133300_1767718800,231.0,16.0,56.21636665319503,1
129964_1767719100,-44.0,54.0,41.719514904114234,1
135081_1767719100,-144.0,-77.0,24.074336684869934,1
130238_1767719100,99.0,-16.0,-19.27482059365364,1
133957_1767719100,-113.0,-35.0,-33.57759011836664,1
122658_1767719100,88.0,90.0,58.2267593554399,1
122658_1767719400,0.0,169.0,79.54208286106379,1
135081_1767719400,-123.0,-101.0,8.097680782882279,1
133957_1767719400,-174.0,-8.0,-3.1750445135018124,1
130238_1767719400,160.0,-85.0,-26.30767701421314,1
133300_1767719400,-24.0,195.0,53.10686423019871,1
129964_1767719400,-130.0,32.0,-11.208626718471734,1
135081_1767719700,-137.0,-152.0,-77.95333330180631,1
122658_1767719700,0.0,88.0,-21.973515200100735,1
130238_1767719700,134.0,-85.0,7.9053555856119715,1
129964_1767719700,-135.0,7.0,27.457809813972197,1
133957_1767719700,-173.0,-78.0,-42.346256311756605,1
133300_1767719700,22.0,231.0,159.68298931509963,1
133300_1767720000,-46.0,231.0,199.29591740627322,1
122048_1767720000,-336.0,0.0,6.083632524459697,1
133957_1767720000,-218.0,-107.0,-33.07563276841009,1
130238_1767720000,35.0,145.0,67.09574076651079,1
122658_1767720000,0.0,88.0,10.239550540150944,1
129964_1767720000,-14.0,-78.0,-7.3387006153492536,1
135081_1767720000,-199.0,-138.0,-83.36428047465026,1
133300_1767720300,-26.0,13.0,43.754544005571276,1
129964_1767720300,-105.0,-109.0,-19.77516995319452,1
135081_1767720300,-231.0,-71.0,-73.8112583804068,1
122048_1767720300,-130.0,0.0,5.435791580153181,1
130238_1767720300,41.0,84.0,49.11810293305835,1
122658_1767720300,0.0,0.0,-1.1181580891631142,1
122048_1767720600,-32.0,0.0,9.614341984223072,1
129964_1767720600,-10.0,-46.0,-27.299742907392734,1
122658_1767720600,0.0,0.0,-9.07383560839204,1
135081_1767720600,-180.0,-222.0,-83.07484785782802,1
130238_1767720600,-64.0,67.0,31.60175991226115,1
