config_id,seed,status,search_mae_s,fold_1_mae_s,fold_2_mae_s,fold_1_trees,fold_2_trees,depth,learning_rate,l2_leaf_reg,random_strength,subsample
control,20260926,complete,71.8867568207364,73.43100476006346,70.35007872424916,400,400,5,0.045,3,1.0,0.8
current_early_stop,20260926,complete,71.72707290757361,73.35125074624486,70.11085672497428,386,177,5,0.045,3,1.0,0.8
trial_001,20260926,complete,72.05681256106415,71.95395923566052,72.15916170350012,328,345,3,0.045,20,0.5,0.8
trial_002,20260926,complete,70.99518111752629,70.85435432853815,71.13531757911743,79,294,3,0.1,5,0.0,0.8
trial_003,20260926,complete,72.27788802873607,75.27833486224276,69.29214926794266,124,147,4,0.1,5,2.0,0.6
trial_004,20260926,complete,73.47974654587327,75.18220137173054,71.78563708680942,298,128,5,0.1,20,2.0,1.0
trial_005,20260926,complete,71.1757278720238,70.38140431080873,71.96615769029175,182,437,6,0.045,5,0.0,0.8
trial_006,20260926,complete,71.09720411049366,71.98523188525584,70.21352941305875,164,281,5,0.045,3,0.0,0.6
trial_007,20260926,complete,72.18549577378853,74.23318334724057,70.1478458845201,152,79,4,0.1,1,1.0,0.6
trial_008,20260926,complete,70.86135774609174,70.67703033358183,71.04478159285405,119,103,5,0.045,3,0.0,1.0
trial_009,20260926,complete,71.93340111846591,73.21299970026612,70.66007507873331,238,462,7,0.045,20,2.0,1.0
trial_010,20260926,complete,72.68923349233843,74.90124495448664,70.4880652236321,216,347,7,0.045,10,2.0,0.6
trial_011,20260926,complete,70.91071884860861,71.77469238635274,70.05098047526518,160,369,7,0.02,3,0.0,1.0
trial_012,20260926,complete,72.6530905601507,74.26957442766981,71.04453063315866,75,34,6,0.1,3,0.5,0.8
trial_013,20260926,complete,72.13356308458077,72.78799630826512,71.48233786689488,180,383,4,0.045,1,2.0,0.8
trial_014,20260926,complete,72.84008761992703,73.79865590385485,71.88621820013614,387,505,7,0.02,3,1.0,0.6
trial_015,20260926,complete,71.85670322148461,72.35827178230625,71.35759333007877,241,168,5,0.1,1,0.0,0.6
trial_016,20260926,complete,73.85883916231991,73.66765964657658,74.0490815235743,307,250,3,0.1,20,1.0,1.0
trial_017,20260926,complete,71.2019373870944,71.98134198976648,70.42635339521973,350,200,6,0.03,5,0.5,1.0
trial_018,20260926,complete,72.56548431802378,72.64632338784308,72.48504151815457,212,243,5,0.07,20,1.0,0.6
trial_019,20260926,complete,70.49066094039692,70.4971891396862,70.48416474208454,192,292,5,0.045,5,0.5,0.8
trial_020,20260926,complete,70.42231105139848,71.46851034055824,69.38124019012677,301,363,5,0.03,1,0.0,0.6
trial_021,20260926,complete,75.17643857395353,73.72385103228955,76.6219055884525,82,290,6,0.1,10,2.0,0.8
trial_022,20260926,complete,72.28997492184668,73.82220663089822,70.76525415254538,68,31,6,0.1,20,0.5,0.6
trial_023,20260926,complete,72.36980131567864,74.97029834336224,69.78205182244449,22,109,5,0.1,1,0.5,0.8
trial_024,20260926,complete,72.19636207792836,73.73527657309637,70.66499128126608,268,499,5,0.03,5,2.0,0.6
trial_025,20260926,complete,72.29297514218564,71.69736662448054,72.88566401029415,359,311,3,0.07,3,0.5,1.0
trial_026,20260926,complete,72.92293517526912,74.22263376590237,71.62960765615856,160,329,6,0.045,5,2.0,1.0
trial_027,20260926,complete,71.67117092752993,73.2948657692998,70.0554353742001,213,320,5,0.02,3,1.0,0.8
trial_028,20260926,complete,71.56913859969396,72.52779431150371,70.61518218058916,674,712,7,0.02,20,1.0,0.8
trial_029,20260926,complete,72.30022292646082,72.82997620804383,71.7730664746895,406,164,7,0.07,3,1.0,1.0
trial_030,20260926,complete,72.09117012607115,72.85747011192547,71.32862651269652,366,443,6,0.03,1,1.0,0.8
trial_031,20260926,complete,72.29312084649641,73.57804693178025,71.01449341849336,362,795,7,0.03,1,2.0,1.0
trial_032,20260926,complete,71.80656243764403,72.63623050370774,70.98096137190419,319,231,7,0.03,10,0.0,1.0
trial_033,20260926,complete,71.00371621964425,72.61976423061843,69.3955900126454,147,467,7,0.02,1,0.0,1.0
trial_034,20260926,complete,71.1463732106347,72.76460889942554,69.5360700497301,550,122,6,0.03,3,0.0,0.6
trial_035,20260926,complete,71.80268966208386,72.68053910900653,70.92914339872453,67,209,4,0.07,1,0.5,0.6
trial_036,20260926,complete,69.52735179090983,70.43935113187476,68.61982303494963,121,93,5,0.1,20,0.0,0.8
trial_037,20260926,complete,71.75983981588556,72.60374108245277,70.9200753202329,119,688,7,0.03,10,0.5,1.0
trial_038,20260926,complete,71.29302369976865,71.16667364932268,71.41875438722226,644,412,3,0.03,20,0.5,0.8
trial_039,20260926,complete,70.18113884015168,70.41456782854026,69.94885411151009,391,367,4,0.03,1,1.0,1.0
trial_040,20260926,complete,72.5259870449243,74.41867111638362,70.64258083656037,568,415,7,0.02,20,2.0,0.6
trial_041,20260926,complete,71.90707396153663,72.4154301612082,71.40120970402029,347,195,5,0.045,3,2.0,1.0
trial_042,20260926,complete,71.89824384312946,72.73930691127353,71.06130363316257,299,136,3,0.045,3,0.0,0.6
trial_043,20260926,complete,72.08980051222889,75.6571358789494,68.53995208358054,353,46,7,0.07,10,0.5,0.8
trial_044,20260926,complete,73.12961958998537,74.53055909883813,71.73554743166619,532,146,7,0.045,10,1.0,0.6
trial_045,20260926,complete,70.62392954130068,70.81512879830967,70.43366753555155,73,73,3,0.1,20,0.0,1.0
trial_046,20260926,complete,72.44394385588072,73.20586463062124,71.68575798689872,47,66,6,0.07,5,0.5,0.6
trial_047,20260926,complete,72.54674826422607,74.57464340145327,70.52879378943626,1240,605,7,0.02,3,2.0,0.6
trial_048,20260926,complete,75.40901887804476,77.53593346649944,73.29253034149428,334,67,6,0.07,1,1.0,0.6
control,20260927,complete,72.27993908349667,71.9192905210377,72.63881976084555,400,400,5,0.045,3,1.0,0.8
trial_036,20260927,complete,71.53848267353543,72.44424304204355,70.6371623068337,38,85,5,0.1,20,0.0,0.8
trial_039,20260927,complete,71.25315783452027,70.55132893033361,71.9515464009413,471,495,4,0.03,1,1.0,1.0
trial_020,20260927,complete,70.39938245568426,71.64208191900781,69.16277465639662,271,442,5,0.03,1,0.0,0.6
control,20260928,complete,72.71304059655836,73.8204076053459,71.61110185742173,400,400,5,0.045,3,1.0,0.8
trial_036,20260928,complete,70.88285347383088,69.8729713658759,71.88778517929588,79,273,5,0.1,20,0.0,0.8
trial_039,20260928,complete,70.72007995765306,70.49583889944704,70.9432217949855,409,416,4,0.03,1,1.0,1.0
trial_020,20260928,complete,71.83942705455591,72.67823002415524,71.00473586421931,237,487,5,0.03,1,0.0,0.6
